Handle,Title,Description,Vendor,Product Category,Type,Tags,Price,Status
build-your-sleep-system,Build Your Sleep System,,Bed Gear & Malouf,Sporting Goods > Outdoor Recreation > Camping & Hiking > Tent Accessories > Tent Footprints,Sleep System,Sleep System,0.0,active
down-alternative-microfiber-comforter,Down Alternative Microfiber Comforter,"<h3>Experience Year-Round Comfort with the Down Alternative Microfiber Comforter</h3>
<p><strong>Enhance your sleep with MySnoozePod's Down Alternative Microfiber Comforter</strong>, designed to provide cozy comfort throughout all seasons. This hypoallergenic comforter is perfect for those who seek the plush feel of down without the allergens.</p>
<!---->",Malouf,Home & Garden > Linens & Bedding > Bedding > Quilts & Comforters,Comforters/Blankets,"Bedding, Comforters/Blankets",0.0,active
down-alternative-microfiber-comforter,Unknown,,Unknown,Uncategorized,Unknown,,0.0,inactive
down-alternative-microfiber-comforter,Unknown,,Unknown,Uncategorized,Unknown,,0.0,inactive
down-alternative-microfiber-comforter,Unknown,,Unknown,Uncategorized,Unknown,,0.0,inactive
down-alternative-microfiber-comforter,Unknown,,Unknown,Uncategorized,Unknown,,0.0,inactive
down-alternative-microfiber-comforter,Unknown,,Unknown,Uncategorized,Unknown,,0.0,inactive
down-alternative-microfiber-comforter,Unknown,,Unknown,Uncategorized,Unknown,,0.0,inactive
down-alternative-microfiber-comforter,Unknown,,Unknown,Uncategorized,Unknown,,0.0,inactive
anderson-platform-bed,Anderson Platform Bed,"<h3>Modern Elegance with the Anderson Platform Bed</h3>
<p><strong>Transform your bedroom with MySnoozePod's Anderson Platform Bed</strong>, a perfect blend of contemporary design and practical functionality. Featuring a plush headboard and sleek lines, this bed is designed to enhance the aesthetics and comfort of your sleeping space.</p>
<!---->",Malouf,Furniture > Beds & Accessories > Beds & Bed Frames > Wall Beds & Bed Frames,Furniture,Furniture,0.0,active
anderson-platform-bed,Unknown,,Unknown,Uncategorized,Unknown,,0.0,inactive
anderson-platform-bed,Unknown,,Unknown,Uncategorized,Unknown,,0.0,inactive
anderson-platform-bed,Unknown,,Unknown,Uncategorized,Unknown,,0.0,inactive
jensen-platform-bed,Jensen Platform Bed,"<h3>Enhance Your Bedroom with the Elegant Jensen Platform Bed</h3>
<p><strong>Introducing the Jensen Platform Bed from MySnoozePod</strong>, designed to elevate the look and feel of your bedroom with its plush headboard and contemporary design. This platform-style bed combines style, comfort, and durability to provide a perfect foundation for a great night’s sleep.</p>
<!---->",Malouf,Furniture > Beds & Accessories > Beds & Bed Frames,Furniture,Furniture,0.0,active
jensen-platform-bed,Unknown,,Unknown,Uncategorized,Unknown,,0.0,inactive
jensen-platform-bed,Unknown,,Unknown,Uncategorized,Unknown,,0.0,inactive
jensen-platform-bed,Unknown,,Unknown,Uncategorized,Unknown,,0.0,inactive
jensen-platform-bed,Unknown,,Unknown,Uncategorized,Unknown,,0.0,inactive
jensen-platform-bed,Unknown,,Unknown,Uncategorized,Unknown,,0.0,inactive
jensen-platform-bed,Unknown,,Unknown,Uncategorized,Unknown,,0.0,inactive
jensen-platform-bed,Unknown,,Unknown,Uncategorized,Unknown,,0.0,inactive
jensen-platform-bed,Unknown,,Unknown,Uncategorized,Unknown,,0.0,inactive
ver-tex-mattress-protector,Ver-Tex Mattress Protector,"<h3>Stay Cool and Protected with the Ver-Tex Mattress Protector</h3>
<p><strong>Perfect for hot sleepers and hot climates, MySnoozePod's Ver-Tex™ Performance® Mattress Protector</strong> provides superior protection and comfort. This protector combines advanced cooling technology with a secure fit to ensure a comfortable and uninterrupted night’s sleep.</p>
<!---->",Bed Gear,Home & Garden > Linens & Bedding > Bedding > Mattress Protectors,Mattress Protector,"Bedding, Mattress Protector",0.0,active
ver-tex-mattress-protector,Unknown,,Unknown,Uncategorized,Unknown,,0.0,inactive
ver-tex-mattress-protector,Unknown,,Unknown,Uncategorized,Unknown,,0.0,inactive
ver-tex-mattress-protector,Unknown,,Unknown,Uncategorized,Unknown,,0.0,inactive
ver-tex-mattress-protector,Unknown,,Unknown,Uncategorized,Unknown,,0.0,inactive
ver-tex-mattress-protector,Unknown,,Unknown,Uncategorized,Unknown,,0.0,inactive
ver-tex-mattress-protector,Unknown,,Unknown,Uncategorized,Unknown,,0.0,inactive
ver-tex-mattress-protector,Unknown,,Unknown,Uncategorized,Unknown,,0.0,inactive
ver-tex-mattress-protector,Unknown,,Unknown,Uncategorized,Unknown,,0.0,inactive
ver-tex-mattress-protector,Unknown,,Unknown,Uncategorized,Unknown,,0.0,inactive
ver-tex-mattress-protector,Unknown,,Unknown,Uncategorized,Unknown,,0.0,inactive
dri-tec-mattress-protector,Dri-Tec Mattress Protector,"<h3>Achieve the Perfect Sleep Environment with the Dri-Tec Mattress Protector</h3>
<p><strong>Enhance your sleep experience with MySnoozePod's Dri-Tec® Performance® Mattress Protector</strong>, designed to keep you dry, comfortable, and protected throughout the night. This mattress protector combines advanced moisture-wicking technology with breathable layers to ensure a clean, healthy sleep environment.</p>
<!---->",Bed Gear,Home & Garden > Linens & Bedding > Bedding > Mattress Protectors,Mattress Protector,"Bedding, Mattress Protector",0.0,active
dri-tec-mattress-protector,Unknown,,Unknown,Uncategorized,Unknown,,0.0,inactive
dri-tec-mattress-protector,Unknown,,Unknown,Uncategorized,Unknown,,0.0,inactive
dri-tec-mattress-protector,Unknown,,Unknown,Uncategorized,Unknown,,0.0,inactive
dri-tec-mattress-protector,Unknown,,Unknown,Uncategorized,Unknown,,0.0,inactive
dri-tec-mattress-protector,Unknown,,Unknown,Uncategorized,Unknown,,0.0,inactive
dri-tec-mattress-protector,Unknown,,Unknown,Uncategorized,Unknown,,0.0,inactive
dri-tec-mattress-protector,Unknown,,Unknown,Uncategorized,Unknown,,0.0,inactive
dri-tec-mattress-protector,Unknown,,Unknown,Uncategorized,Unknown,,0.0,inactive
dri-tec-mattress-protector,Unknown,,Unknown,Uncategorized,Unknown,,0.0,inactive
dri-tec-mattress-protector,Unknown,,Unknown,Uncategorized,Unknown,,0.0,inactive
hyper-cotton-sheet-set,Hyper-Cotton Sheet Set,"<div class=""flex-shrink-0 flex flex-col relative items-end"">
<div>
<div class=""pt-0.5 juice:pt-0"">
<div class=""gizmo-shadow-stroke flex h-6 w-6 items-center justify-center overflow-hidden rounded-full juice:h-8 juice:w-8"">
<div class=""h-6 w-6 juice:h-full juice:w-full"">
<div class=""gizmo-shadow-stroke overflow-hidden rounded-full""><br></div>
</div>
</div>
</div>
</div>
</div>
<div class=""group/conversation-turn relative flex w-full min-w-0 flex-col agent-turn"">
<div class=""flex-col gap-1 md:gap-3"">
<div class=""flex flex-grow flex-col max-w-full"">
<div data-message-author-role=""assistant"" data-message-id=""d95df828-7406-4d2d-97d4-caf15b3b7060"" dir=""auto"" class=""min-h-[20px] text-message flex flex-col items-start whitespace-pre-wrap break-words [.text-message+&amp;]:mt-5 juice:w-full juice:items-end overflow-x-auto gap-2"">
<div class=""flex w-full flex-col gap-1 juice:empty:hidden juice:first:pt-[3px]"">
<div class=""markdown prose w-full break-words dark:prose-invert light"">
<h3>Classic Comfort with a Modern Twist: Hyper-Cotton Sheet Set</h3>
<p><strong>Elevate your sleep experience with MySnoozePod's Hyper-Cotton™ Sheet Set</strong>, combining the timeless comfort of cotton with advanced technologies for enhanced softness, breathability, and overall comfort. Designed to keep you cool and comfortable night after night, these sheets are a perfect blend of classic feel and modern performance.</p>
</div>
</div>
</div>
</div>
</div>
</div>
<!---->",Bed Gear,Home & Garden > Linens & Bedding > Bedding > Bed Sheets,Sheet Sets,"Bedding, Sheet Set",0.0,active
hyper-cotton-sheet-set,Unknown,,Unknown,Uncategorized,Unknown,,0.0,inactive
hyper-cotton-sheet-set,Unknown,,Unknown,Uncategorized,Unknown,,0.0,inactive
hyper-cotton-sheet-set,Unknown,,Unknown,Uncategorized,Unknown,,0.0,inactive
hyper-cotton-sheet-set,Unknown,,Unknown,Uncategorized,Unknown,,0.0,inactive
hyper-cotton-sheet-set,Unknown,,Unknown,Uncategorized,Unknown,,0.0,inactive
hyper-cotton-sheet-set,Unknown,,Unknown,Uncategorized,Unknown,,0.0,inactive
hyper-cotton-sheet-set,Unknown,,Unknown,Uncategorized,Unknown,,0.0,inactive
hyper-cotton-sheet-set,Unknown,,Unknown,Uncategorized,Unknown,,0.0,inactive
hyper-cotton-sheet-set,Unknown,,Unknown,Uncategorized,Unknown,,0.0,inactive
hyper-cotton-sheet-set,Unknown,,Unknown,Uncategorized,Unknown,,0.0,inactive
hyper-cotton-sheet-set,Unknown,,Unknown,Uncategorized,Unknown,,0.0,inactive
hyper-cotton-sheet-set,Unknown,,Unknown,Uncategorized,Unknown,,0.0,inactive
hyper-cotton-sheet-set,Unknown,,Unknown,Uncategorized,Unknown,,0.0,inactive
hyper-cotton-sheet-set,Unknown,,Unknown,Uncategorized,Unknown,,0.0,inactive
hyper-cotton-sheet-set,Unknown,,Unknown,Uncategorized,Unknown,,0.0,inactive
hyper-cotton-sheet-set,Unknown,,Unknown,Uncategorized,Unknown,,0.0,inactive
hyper-cotton-sheet-set,Unknown,,Unknown,Uncategorized,Unknown,,0.0,inactive
hyper-cotton-sheet-set,Unknown,,Unknown,Uncategorized,Unknown,,0.0,inactive
hyper-cotton-sheet-set,Unknown,,Unknown,Uncategorized,Unknown,,0.0,inactive
hyper-cotton-sheet-set,Unknown,,Unknown,Uncategorized,Unknown,,0.0,inactive
hyper-cotton-sheet-set,Unknown,,Unknown,Uncategorized,Unknown,,0.0,inactive
hyper-cotton-sheet-set,Unknown,,Unknown,Uncategorized,Unknown,,0.0,inactive
hyper-cotton-sheet-set,Unknown,,Unknown,Uncategorized,Unknown,,0.0,inactive
hyper-cotton-sheet-set,Unknown,,Unknown,Uncategorized,Unknown,,0.0,inactive
hyper-cotton-sheet-set,Unknown,,Unknown,Uncategorized,Unknown,,0.0,inactive
hyper-cotton-sheet-set,Unknown,,Unknown,Uncategorized,Unknown,,0.0,inactive
hyper-cotton-sheet-set,Unknown,,Unknown,Uncategorized,Unknown,,0.0,inactive
hyper-cotton-sheet-set,Unknown,,Unknown,Uncategorized,Unknown,,0.0,inactive
hyper-cotton-sheet-set,Unknown,,Unknown,Uncategorized,Unknown,,0.0,inactive
hyper-cotton-sheet-set,Unknown,,Unknown,Uncategorized,Unknown,,0.0,inactive
hyper-cotton-sheet-set,Unknown,,Unknown,Uncategorized,Unknown,,0.0,inactive
hyper-cotton-sheet-set,Unknown,,Unknown,Uncategorized,Unknown,,0.0,inactive
hyper-cotton-sheet-set,Unknown,,Unknown,Uncategorized,Unknown,,0.0,inactive
hyper-cotton-sheet-set,Unknown,,Unknown,Uncategorized,Unknown,,0.0,inactive
hyper-cotton-sheet-set,Unknown,,Unknown,Uncategorized,Unknown,,0.0,inactive
hyper-cotton-sheet-set,Unknown,,Unknown,Uncategorized,Unknown,,0.0,inactive
hyper-cotton-sheet-set,Unknown,,Unknown,Uncategorized,Unknown,,0.0,inactive
hyper-cotton-sheet-set,Unknown,,Unknown,Uncategorized,Unknown,,0.0,inactive
hyper-cotton-sheet-set,Unknown,,Unknown,Uncategorized,Unknown,,0.0,inactive
hyper-cotton-sheet-set,Unknown,,Unknown,Uncategorized,Unknown,,0.0,inactive
hyper-cotton-sheet-set,Unknown,,Unknown,Uncategorized,Unknown,,0.0,inactive
hyper-cotton-sheet-set,Unknown,,Unknown,Uncategorized,Unknown,,0.0,inactive
hyper-cotton-sheet-set,Unknown,,Unknown,Uncategorized,Unknown,,0.0,inactive
hyper-cotton-sheet-set,Unknown,,Unknown,Uncategorized,Unknown,,0.0,inactive
hyper-cotton-sheet-set,Unknown,,Unknown,Uncategorized,Unknown,,0.0,inactive
hyper-cotton-sheet-set,Unknown,,Unknown,Uncategorized,Unknown,,0.0,inactive
hyper-cotton-sheet-set,Unknown,,Unknown,Uncategorized,Unknown,,0.0,inactive
hyper-cotton-sheet-set,Unknown,,Unknown,Uncategorized,Unknown,,0.0,inactive
hyper-cotton-sheet-set,Unknown,,Unknown,Uncategorized,Unknown,,0.0,inactive
hyper-cotton-sheet-set,Unknown,,Unknown,Uncategorized,Unknown,,0.0,inactive
hyper-cotton-sheet-set,Unknown,,Unknown,Uncategorized,Unknown,,0.0,inactive
hyper-cotton-sheet-set,Unknown,,Unknown,Uncategorized,Unknown,,0.0,inactive
hyper-cotton-sheet-set,Unknown,,Unknown,Uncategorized,Unknown,,0.0,inactive
hyper-cotton-sheet-set,Unknown,,Unknown,Uncategorized,Unknown,,0.0,inactive
dri-tec-sheet-set,Dri-Tec Sheet Set,"<h3>Experience Ultimate Comfort with the Dri-Tech Sheet Set</h3>
<p><strong>Say goodbye to sweaty sleepless nights with MySnoozePod's Dri-Tech Sheet Set</strong>, designed to keep you dry, cool, and comfortable all night long. Part of our comfort stretch collection, these sheets are engineered for moisture-wicking performance and an ultra-soft feel, ensuring a deeper and more restorative sleep.</p>
<!---->",Bed Gear,Home & Garden > Linens & Bedding > Bedding > Bed Sheets,Sheet Sets,Sheet Set,0.0,active
dri-tec-sheet-set,Unknown,,Unknown,Uncategorized,Unknown,,0.0,inactive
dri-tec-sheet-set,Unknown,,Unknown,Uncategorized,Unknown,,0.0,inactive
dri-tec-sheet-set,Unknown,,Unknown,Uncategorized,Unknown,,0.0,inactive
dri-tec-sheet-set,Unknown,,Unknown,Uncategorized,Unknown,,0.0,inactive
dri-tec-sheet-set,Unknown,,Unknown,Uncategorized,Unknown,,0.0,inactive
dri-tec-sheet-set,Unknown,,Unknown,Uncategorized,Unknown,,0.0,inactive
dri-tec-sheet-set,Unknown,,Unknown,Uncategorized,Unknown,,0.0,inactive
dri-tec-sheet-set,Unknown,,Unknown,Uncategorized,Unknown,,0.0,inactive
dri-tec-sheet-set,Unknown,,Unknown,Uncategorized,Unknown,,0.0,inactive
dri-tec-sheet-set,Unknown,,Unknown,Uncategorized,Unknown,,0.0,inactive
dri-tec-sheet-set,Unknown,,Unknown,Uncategorized,Unknown,,0.0,inactive
dri-tec-sheet-set,Unknown,,Unknown,Uncategorized,Unknown,,0.0,inactive
dri-tec-sheet-set,Unknown,,Unknown,Uncategorized,Unknown,,0.0,inactive
dri-tec-sheet-set,Unknown,,Unknown,Uncategorized,Unknown,,0.0,inactive
dri-tec-sheet-set,Unknown,,Unknown,Uncategorized,Unknown,,0.0,inactive
dri-tec-sheet-set,Unknown,,Unknown,Uncategorized,Unknown,,0.0,inactive
dri-tec-sheet-set,Unknown,,Unknown,Uncategorized,Unknown,,0.0,inactive
dri-tec-sheet-set,Unknown,,Unknown,Uncategorized,Unknown,,0.0,inactive
dri-tec-sheet-set,Unknown,,Unknown,Uncategorized,Unknown,,0.0,inactive
dri-tec-sheet-set,Unknown,,Unknown,Uncategorized,Unknown,,0.0,inactive
dri-tec-sheet-set,Unknown,,Unknown,Uncategorized,Unknown,,0.0,inactive
dri-tec-sheet-set,Unknown,,Unknown,Uncategorized,Unknown,,0.0,inactive
dri-tec-sheet-set,Unknown,,Unknown,Uncategorized,Unknown,,0.0,inactive
dri-tec-sheet-set,Unknown,,Unknown,Uncategorized,Unknown,,0.0,inactive
dri-tec-sheet-set,Unknown,,Unknown,Uncategorized,Unknown,,0.0,inactive
dri-tec-sheet-set,Unknown,,Unknown,Uncategorized,Unknown,,0.0,inactive
dri-tec-sheet-set,Unknown,,Unknown,Uncategorized,Unknown,,0.0,inactive
dri-tec-sheet-set,Unknown,,Unknown,Uncategorized,Unknown,,0.0,inactive
dri-tec-sheet-set,Unknown,,Unknown,Uncategorized,Unknown,,0.0,inactive
dri-tec-sheet-set,Unknown,,Unknown,Uncategorized,Unknown,,0.0,inactive
dri-tec-sheet-set,Unknown,,Unknown,Uncategorized,Unknown,,0.0,inactive
dri-tec-sheet-set,Unknown,,Unknown,Uncategorized,Unknown,,0.0,inactive
dri-tec-sheet-set,Unknown,,Unknown,Uncategorized,Unknown,,0.0,inactive
dri-tec-sheet-set,Unknown,,Unknown,Uncategorized,Unknown,,0.0,inactive
dri-tec-sheet-set,Unknown,,Unknown,Uncategorized,Unknown,,0.0,inactive
dri-tec-sheet-set,Unknown,,Unknown,Uncategorized,Unknown,,0.0,inactive
dri-tec-sheet-set,Unknown,,Unknown,Uncategorized,Unknown,,0.0,inactive
dri-tec-sheet-set,Unknown,,Unknown,Uncategorized,Unknown,,0.0,inactive
dri-tec-sheet-set,Unknown,,Unknown,Uncategorized,Unknown,,0.0,inactive
dri-tec-sheet-set,Unknown,,Unknown,Uncategorized,Unknown,,0.0,inactive
dri-tec-sheet-set,Unknown,,Unknown,Uncategorized,Unknown,,0.0,inactive
dri-tec-sheet-set,Unknown,,Unknown,Uncategorized,Unknown,,0.0,inactive
dri-tec-sheet-set,Unknown,,Unknown,Uncategorized,Unknown,,0.0,inactive
dri-tec-sheet-set,Unknown,,Unknown,Uncategorized,Unknown,,0.0,inactive
dri-tec-sheet-set,Unknown,,Unknown,Uncategorized,Unknown,,0.0,inactive
dri-tec-sheet-set,Unknown,,Unknown,Uncategorized,Unknown,,0.0,inactive
dri-tec-sheet-set,Unknown,,Unknown,Uncategorized,Unknown,,0.0,inactive
dri-tec-sheet-set,Unknown,,Unknown,Uncategorized,Unknown,,0.0,inactive
dri-tec-sheet-set,Unknown,,Unknown,Uncategorized,Unknown,,0.0,inactive
dri-tec-sheet-set,Unknown,,Unknown,Uncategorized,Unknown,,0.0,inactive
dri-tec-sheet-set,Unknown,,Unknown,Uncategorized,Unknown,,0.0,inactive
dri-tec-sheet-set,Unknown,,Unknown,Uncategorized,Unknown,,0.0,inactive
dri-tec-sheet-set,Unknown,,Unknown,Uncategorized,Unknown,,0.0,inactive
dri-tec-sheet-set,Unknown,,Unknown,Uncategorized,Unknown,,0.0,inactive
dri-tec-sheet-set,Unknown,,Unknown,Uncategorized,Unknown,,0.0,inactive
dri-tec-sheet-set,Unknown,,Unknown,Uncategorized,Unknown,,0.0,inactive
dri-tec-sheet-set,Unknown,,Unknown,Uncategorized,Unknown,,0.0,inactive
dri-tec-sheet-set,Unknown,,Unknown,Uncategorized,Unknown,,0.0,inactive
dri-tec-sheet-set,Unknown,,Unknown,Uncategorized,Unknown,,0.0,inactive
dri-tec-sheet-set,Unknown,,Unknown,Uncategorized,Unknown,,0.0,inactive
dri-tec-sheet-set,Unknown,,Unknown,Uncategorized,Unknown,,0.0,inactive
dri-tec-sheet-set,Unknown,,Unknown,Uncategorized,Unknown,,0.0,inactive
dri-tec-sheet-set,Unknown,,Unknown,Uncategorized,Unknown,,0.0,inactive
dri-tec-sheet-set,Unknown,,Unknown,Uncategorized,Unknown,,0.0,inactive
dri-tec-sheet-set,Unknown,,Unknown,Uncategorized,Unknown,,0.0,inactive
dri-tec-sheet-set,Unknown,,Unknown,Uncategorized,Unknown,,0.0,inactive
dri-tec-sheet-set,Unknown,,Unknown,Uncategorized,Unknown,,0.0,inactive
dri-tec-sheet-set,Unknown,,Unknown,Uncategorized,Unknown,,0.0,inactive
dri-tec-sheet-set,Unknown,,Unknown,Uncategorized,Unknown,,0.0,inactive
dri-tec-sheet-set,Unknown,,Unknown,Uncategorized,Unknown,,0.0,inactive
dri-tec-sheet-set,Unknown,,Unknown,Uncategorized,Unknown,,0.0,inactive
dri-tec-sheet-set,Unknown,,Unknown,Uncategorized,Unknown,,0.0,inactive
dri-tec-sheet-set,Unknown,,Unknown,Uncategorized,Unknown,,0.0,inactive
dri-tec-sheet-set,Unknown,,Unknown,Uncategorized,Unknown,,0.0,inactive
dri-tec-sheet-set,Unknown,,Unknown,Uncategorized,Unknown,,0.0,inactive
dri-tec-sheet-set,Unknown,,Unknown,Uncategorized,Unknown,,0.0,inactive
dri-tec-sheet-set,Unknown,,Unknown,Uncategorized,Unknown,,0.0,inactive
dri-tec-sheet-set,Unknown,,Unknown,Uncategorized,Unknown,,0.0,inactive
dri-tec-sheet-set,Unknown,,Unknown,Uncategorized,Unknown,,0.0,inactive
essentials-motion-adjustable-base-1,Essentials Motion Adjustable Base,"<h3>Discover Essential Comfort with the Essentials Motion Adjustable Base</h3>
<p><strong>Upgrade your sleep experience with MySnoozePod's Essentials Motion Adjustable Base</strong>, offering convenience and the health benefits of an adjustable bed base. This entry-level adjustable base is designed to enhance your comfort and support, making it perfect for those looking to improve their sleep quality and overall relaxation.</p>
<!---->",Malouf,Furniture > Beds & Accessories > Beds & Bed Frames,Base,"Base, Motion Base",0.0,active
essentials-motion-adjustable-base-1,Unknown,,Unknown,Uncategorized,Unknown,,0.0,inactive
essentials-motion-adjustable-base-1,Unknown,,Unknown,Uncategorized,Unknown,,0.0,inactive
essentials-motion-adjustable-base-1,Unknown,,Unknown,Uncategorized,Unknown,,0.0,inactive
essentials-motion-adjustable-base-1,Unknown,,Unknown,Uncategorized,Unknown,,0.0,inactive
10-all-foam-mattress-copy,"12"" All Foam Mattress","<div class=""flex-shrink-0 flex flex-col relative items-end"">
<div>
<div class=""pt-0.5 juice:pt-0"">
<div class=""gizmo-shadow-stroke flex h-6 w-6 items-center justify-center overflow-hidden rounded-full juice:h-8 juice:w-8"">
<div class=""h-6 w-6 juice:h-full juice:w-full""></div>
</div>
</div>
</div>
</div>
<div class=""group/conversation-turn relative flex w-full min-w-0 flex-col agent-turn"">
<div class=""flex-col gap-1 md:gap-3"">
<div class=""flex flex-grow flex-col max-w-full"">
<div class=""min-h-[20px] text-message flex flex-col items-start whitespace-pre-wrap break-words [.text-message+&amp;]:mt-5 juice:w-full juice:items-end overflow-x-auto gap-2"" dir=""auto"" data-message-id=""33bd6b12-e0e1-40c9-9f2a-ca710e16deb4"" data-message-author-role=""assistant"">
<div class=""flex w-full flex-col gap-1 juice:empty:hidden juice:first:pt-[3px]"">
<div class=""markdown prose w-full break-words dark:prose-invert light"">
<h3>Experience Superior Comfort with the 12"" All Foam Mattress</h3>
<p><strong>Discover the ultimate in sleep comfort with MySnoozePod's 12"" All Foam Mattress</strong>, Engineered for breathability and cool-to-the-touch comfort, this mattress is designed to conform to your body, providing a restful and rejuvenating sleep experience every night.</p>
</div>
</div>
</div>
</div>
</div>
</div>
<!---->",Bed Gear,Furniture > Beds & Accessories > Mattresses,Mattress,"All Foam Mattress, Mattress",0.0,active
10-all-foam-mattress-copy,Unknown,,Unknown,Uncategorized,Unknown,,0.0,inactive
10-all-foam-mattress-copy,Unknown,,Unknown,Uncategorized,Unknown,,0.0,inactive
10-all-foam-mattress-copy,Unknown,,Unknown,Uncategorized,Unknown,,0.0,inactive
10-all-foam-mattress-copy,Unknown,,Unknown,Uncategorized,Unknown,,0.0,inactive
10-all-foam-mattress-copy,Unknown,,Unknown,Uncategorized,Unknown,,0.0,inactive
10-all-foam-mattress-copy,Unknown,,Unknown,Uncategorized,Unknown,,0.0,inactive
10-all-foam-mattress,"10"" All Foam Mattress","<div class=""flex-shrink-0 flex flex-col relative items-end"">
<div>
<div class=""pt-0.5 juice:pt-0"">
<div class=""gizmo-shadow-stroke flex h-6 w-6 items-center justify-center overflow-hidden rounded-full juice:h-8 juice:w-8"">
<div class=""h-6 w-6 juice:h-full juice:w-full"">
<div class=""gizmo-shadow-stroke overflow-hidden rounded-full""><br></div>
</div>
</div>
</div>
</div>
</div>
<div class=""group/conversation-turn relative flex w-full min-w-0 flex-col agent-turn"">
<div class=""flex-col gap-1 md:gap-3"">
<div class=""flex flex-grow flex-col max-w-full"">
<div data-message-author-role=""assistant"" data-message-id=""33bd6b12-e0e1-40c9-9f2a-ca710e16deb4"" dir=""auto"" class=""min-h-[20px] text-message flex flex-col items-start whitespace-pre-wrap break-words [.text-message+&amp;]:mt-5 juice:w-full juice:items-end overflow-x-auto gap-2"">
<div class=""flex w-full flex-col gap-1 juice:empty:hidden juice:first:pt-[3px]"">
<div class=""markdown prose w-full break-words dark:prose-invert light"">
<h3>Experience Superior Comfort with the 10"" All Foam Mattress</h3>
<p><strong>Discover the ultimate in sleep comfort with MySnoozePod's 10"" All Foam Mattress.</strong> Engineered for breathability and cool-to-the-touch comfort, this mattress is designed to conform to your body, providing a restful and rejuvenating sleep experience every night.</p>
</div>
</div>
</div>
</div>
</div>
</div>
<!---->",Bed Gear,Furniture > Beds & Accessories > Mattresses,Mattress,"All Foam Mattress, Mattress",0.0,active
10-all-foam-mattress,Unknown,,Unknown,Uncategorized,Unknown,,0.0,inactive
10-all-foam-mattress,Unknown,,Unknown,Uncategorized,Unknown,,0.0,inactive
10-all-foam-mattress,Unknown,,Unknown,Uncategorized,Unknown,,0.0,inactive
10-all-foam-mattress,Unknown,,Unknown,Uncategorized,Unknown,,0.0,inactive
10-all-foam-mattress,Unknown,,Unknown,Uncategorized,Unknown,,0.0,inactive
10-all-foam-mattress,Unknown,,Unknown,Uncategorized,Unknown,,0.0,inactive
3-down-alternative-mattress-topper,"3"" Down Alternative Mattress Topper","<h3>Experience Luxurious Comfort with the 3"" Down Alternative Mattress Topper</h3>
<p><strong>Transform your bed with MySnoozePod's 3"" Down Alternative Mattress Topper</strong>, designed to add a plush, cozy layer to any mattress. This premium mattress topper combines the softness of down with hypoallergenic materials, ensuring a restful and allergy-free sleep experience.</p>
<!---->",Malouf,Home & Garden > Linens & Bedding > Bedding,Mattress Topper,"Bedding, Mattress Topper",0.0,active
3-down-alternative-mattress-topper,Unknown,,Unknown,Uncategorized,Unknown,,0.0,inactive
3-down-alternative-mattress-topper,Unknown,,Unknown,Uncategorized,Unknown,,0.0,inactive
3-down-alternative-mattress-topper,Unknown,,Unknown,Uncategorized,Unknown,,0.0,inactive
3-down-alternative-mattress-topper,Unknown,,Unknown,Uncategorized,Unknown,,0.0,inactive
3-down-alternative-mattress-topper,Unknown,,Unknown,Uncategorized,Unknown,,0.0,inactive
3-down-alternative-mattress-topper,Unknown,,Unknown,Uncategorized,Unknown,,0.0,inactive
2-5-gel-memory-foam-mattress-topper,"2.5"" Gel Memory Foam Mattress Topper","<h3>Experience Enhanced Comfort with the 2.5"" Gel Memory Foam Mattress Topper</h3>
<p><strong>Upgrade your sleep with MySnoozePod's 2.5"" Gel Memory Foam Mattress Topper</strong>, designed to provide superior cooling and relief from heat and sleeping pressures. This mattress topper is perfect for those looking to enhance the comfort of their existing mattress with advanced cooling technology and supportive memory foam.</p>
<!---->",Malouf,Home & Garden > Linens & Bedding > Bedding,Mattress Topper,"Bedding, Mattress Topper",0.0,active
2-5-gel-memory-foam-mattress-topper,Unknown,,Unknown,Uncategorized,Unknown,,0.0,inactive
2-5-gel-memory-foam-mattress-topper,Unknown,,Unknown,Uncategorized,Unknown,,0.0,inactive
2-5-gel-memory-foam-mattress-topper,Unknown,,Unknown,Uncategorized,Unknown,,0.0,inactive
2-5-gel-memory-foam-mattress-topper,Unknown,,Unknown,Uncategorized,Unknown,,0.0,inactive
2-5-gel-memory-foam-mattress-topper,Unknown,,Unknown,Uncategorized,Unknown,,0.0,inactive
terry-mattress-protector,Terry Mattress Protector,"<p data-mce-fragment=""1"">The Terry Mattress Protector offers superior protection for your mattress. Made with high-quality materials, it ensures complete coverage for your mattress, protecting it against spills, stains, and allergens. Keep your mattress fresh and clean for longer, while also prolonging its lifespan with this essential product.</p>",Malouf,Home & Garden > Linens & Bedding > Bedding > Mattress Protectors,Mattress Protector,"Bedding, Mattress Protector",0.0,active
terry-mattress-protector,Unknown,,Unknown,Uncategorized,Unknown,,0.0,inactive
terry-mattress-protector,Unknown,,Unknown,Uncategorized,Unknown,,0.0,inactive
terry-mattress-protector,Unknown,,Unknown,Uncategorized,Unknown,,0.0,inactive
terry-mattress-protector,Unknown,,Unknown,Uncategorized,Unknown,,0.0,inactive
terry-mattress-protector,Unknown,,Unknown,Uncategorized,Unknown,,0.0,inactive
smooth-mattress-protector,Smooth Mattress Protector,"<p data-mce-fragment=""1"">Protect your mattress in style with our Smooth Mattress Protector. Crafted with a smooth and durable material, it shields against spills, stains and dust mites, ensuring a comfortable and hygienic sleep. Enjoy a longer lifespan for your mattress and a better night's rest.</p>",Malouf,Home & Garden > Linens & Bedding > Bedding > Mattress Protectors,Mattress Protector,"Bedding, Mattress Protector",0.0,active
smooth-mattress-protector,Unknown,,Unknown,Uncategorized,Unknown,,0.0,inactive
smooth-mattress-protector,Unknown,,Unknown,Uncategorized,Unknown,,0.0,inactive
smooth-mattress-protector,Unknown,,Unknown,Uncategorized,Unknown,,0.0,inactive
smooth-mattress-protector,Unknown,,Unknown,Uncategorized,Unknown,,0.0,inactive
smooth-mattress-protector,Unknown,,Unknown,Uncategorized,Unknown,,0.0,inactive
smooth-mattress-protector,Unknown,,Unknown,Uncategorized,Unknown,,0.0,inactive
mattress-pad,Mattress Pad,"<p data-mce-fragment=""1"">The mattress pad offers an extra layer of comfort and protection for your mattress. Made from high-quality materials, this pad will enhance the lifespan of your mattress while providing a soft and cozy surface for a restful sleep. Experience luxurious comfort and extended durability with our mattress pad.</p>",Malouf,Home & Garden > Linens & Bedding > Bedding > Mattress Protectors,Mattress Protector,"Bedding, Mattress Protector",0.0,active
mattress-pad,Unknown,,Unknown,Uncategorized,Unknown,,0.0,inactive
mattress-pad,Unknown,,Unknown,Uncategorized,Unknown,,0.0,inactive
mattress-pad,Unknown,,Unknown,Uncategorized,Unknown,,0.0,inactive
mattress-pad,Unknown,,Unknown,Uncategorized,Unknown,,0.0,inactive
mattress-encasement,Mattress Encasement,"<p data-mce-fragment=""1"">Protect your mattress from dust, allergens, and spills with our Mattress Encasement. Keep your bed clean and prolong its lifespan. Our encasement is a must-have for anyone looking to maintain a healthy and hygienic sleep environment. Top-quality materials ensure durability and ultimate protection.</p>",Malouf,Home & Garden > Linens & Bedding > Bedding > Mattress Protectors,Mattress Protector,"Bedding, Mattress Protector",0.0,active
mattress-encasement,Unknown,,Unknown,Uncategorized,Unknown,,0.0,inactive
mattress-encasement,Unknown,,Unknown,Uncategorized,Unknown,,0.0,inactive
mattress-encasement,Unknown,,Unknown,Uncategorized,Unknown,,0.0,inactive
mattress-encasement,Unknown,,Unknown,Uncategorized,Unknown,,0.0,inactive
mattress-encasement,Unknown,,Unknown,Uncategorized,Unknown,,0.0,inactive
mattress-encasement,Unknown,,Unknown,Uncategorized,Unknown,,0.0,inactive
icetech-mattress-protector,IceTech Mattress Protector,"<p data-mce-fragment=""1"">Protect and cool your mattress with IceTech Mattress Protector. This premium protector combines the benefits of a traditional mattress protector with cooling properties to provide a comfortable and refreshing sleep experience. Keep your mattress clean and fresh while staying cool all night long.</p>",Malouf,Home & Garden > Linens & Bedding > Bedding > Mattress Protectors,Mattress Protector,"Bedding, Mattress Protector",0.0,active
icetech-mattress-protector,Unknown,,Unknown,Uncategorized,Unknown,,0.0,inactive
icetech-mattress-protector,Unknown,,Unknown,Uncategorized,Unknown,,0.0,inactive
icetech-mattress-protector,Unknown,,Unknown,Uncategorized,Unknown,,0.0,inactive
icetech-mattress-protector,Unknown,,Unknown,Uncategorized,Unknown,,0.0,inactive
icetech-mattress-protector,Unknown,,Unknown,Uncategorized,Unknown,,0.0,inactive
icetech-mattress-protector,Unknown,,Unknown,Uncategorized,Unknown,,0.0,inactive
supima-cotton-sheet-set,Supima Cotton Sheet Set,"<p data-mce-fragment=""1"">Experience the ultimate in luxury with our Supima cotton sheet set. Made from the finest supima cotton, these sheets are smooth, soft, and durable. Enjoy a cool and comfortable night's sleep, while knowing you are sleeping on the highest quality sheets available.</p>",Malouf,Home & Garden > Linens & Bedding > Bedding > Bed Sheets,Sheet Sets,"Bedding, Sheet Set",0.0,active
supima-cotton-sheet-set,Unknown,,Unknown,Uncategorized,Unknown,,0.0,inactive
supima-cotton-sheet-set,Unknown,,Unknown,Uncategorized,Unknown,,0.0,inactive
supima-cotton-sheet-set,Unknown,,Unknown,Uncategorized,Unknown,,0.0,inactive
supima-cotton-sheet-set,Unknown,,Unknown,Uncategorized,Unknown,,0.0,inactive
supima-cotton-sheet-set,Unknown,,Unknown,Uncategorized,Unknown,,0.0,inactive
supima-cotton-sheet-set,Unknown,,Unknown,Uncategorized,Unknown,,0.0,inactive
supima-cotton-sheet-set,Unknown,,Unknown,Uncategorized,Unknown,,0.0,inactive
supima-cotton-sheet-set,Unknown,,Unknown,Uncategorized,Unknown,,0.0,inactive
supima-cotton-sheet-set,Unknown,,Unknown,Uncategorized,Unknown,,0.0,inactive
supima-cotton-sheet-set,Unknown,,Unknown,Uncategorized,Unknown,,0.0,inactive
supima-cotton-sheet-set,Unknown,,Unknown,Uncategorized,Unknown,,0.0,inactive
supima-cotton-sheet-set,Unknown,,Unknown,Uncategorized,Unknown,,0.0,inactive
supima-cotton-sheet-set,Unknown,,Unknown,Uncategorized,Unknown,,0.0,inactive
supima-cotton-sheet-set,Unknown,,Unknown,Uncategorized,Unknown,,0.0,inactive
italian-cotton-sheet-set,Italian Cotton Sheet Set,"<p data-mce-fragment=""1"">Experience luxury and comfort with our Italian Cotton Sheet Set. Made from premium Italian cotton, this sheet set provides unbeatable softness and durability. Perfect for a restful night's sleep, our sheets will elevate your bedding to a whole new level of quality. Invest in the best for your bedroom.</p>",Malouf,Home & Garden > Linens & Bedding > Bedding > Bed Sheets,Sheet Sets,"Bedding, Sheet Set",0.0,active
italian-cotton-sheet-set,Unknown,,Unknown,Uncategorized,Unknown,,0.0,inactive
italian-cotton-sheet-set,Unknown,,Unknown,Uncategorized,Unknown,,0.0,inactive
italian-cotton-sheet-set,Unknown,,Unknown,Uncategorized,Unknown,,0.0,inactive
italian-cotton-sheet-set,Unknown,,Unknown,Uncategorized,Unknown,,0.0,inactive
botanical-sheet-set,Botanical Sheet Set,"<p data-mce-fragment=""1"">Improve your sleep with our Botanical Sheet Set. Made from high-quality materials, these sheets feature a beautiful botanical design. Scientifically proven to promote relaxation and create a calming atmosphere, these sheets will enhance your bedroom decor and provide a restful night's sleep.</p>",Malouf,Home & Garden > Linens & Bedding > Bedding > Bed Sheets,Sheet Sets,"Bedding, Sheet Set",0.0,active
botanical-sheet-set,Unknown,,Unknown,Uncategorized,Unknown,,0.0,inactive
botanical-sheet-set,Unknown,,Unknown,Uncategorized,Unknown,,0.0,inactive
botanical-sheet-set,Unknown,,Unknown,Uncategorized,Unknown,,0.0,inactive
botanical-sheet-set,Unknown,,Unknown,Uncategorized,Unknown,,0.0,inactive
botanical-sheet-set,Unknown,,Unknown,Uncategorized,Unknown,,0.0,inactive
botanical-sheet-set,Unknown,,Unknown,Uncategorized,Unknown,,0.0,inactive
botanical-sheet-set,Unknown,,Unknown,Uncategorized,Unknown,,0.0,inactive
botanical-sheet-set,Unknown,,Unknown,Uncategorized,Unknown,,0.0,inactive
botanical-sheet-set,Unknown,,Unknown,Uncategorized,Unknown,,0.0,inactive
botanical-sheet-set,Unknown,,Unknown,Uncategorized,Unknown,,0.0,inactive
botanical-sheet-set,Unknown,,Unknown,Uncategorized,Unknown,,0.0,inactive
botanical-sheet-set,Unknown,,Unknown,Uncategorized,Unknown,,0.0,inactive
botanical-sheet-set,Unknown,,Unknown,Uncategorized,Unknown,,0.0,inactive
botanical-sheet-set,Unknown,,Unknown,Uncategorized,Unknown,,0.0,inactive
botanical-sheet-set,Unknown,,Unknown,Uncategorized,Unknown,,0.0,inactive
botanical-sheet-set,Unknown,,Unknown,Uncategorized,Unknown,,0.0,inactive
botanical-sheet-set,Unknown,,Unknown,Uncategorized,Unknown,,0.0,inactive
botanical-sheet-set,Unknown,,Unknown,Uncategorized,Unknown,,0.0,inactive
botanical-sheet-set,Unknown,,Unknown,Uncategorized,Unknown,,0.0,inactive
zoned-dough-lavender-travel-pillow,Zoned Dough Lavender Travel Pillow,"<p data-mce-fragment=""1"">Expertly designed for travelers, the Zoned Dough Lavender Travel Pillow offers unparalleled support and comfort. Made with unique zoned technology and infused with calming lavender, this pillow allows for proper spinal alignment and relaxes the mind for a restful journey. Experience the benefits of a good night's sleep while on the go.</p>",Malouf,Home & Garden > Linens & Bedding > Bedding > Pillows,Pillow,"Aromatherapy Pillow, Pillow, Travel Pillow, Zoned Pillow",0.0,active
zoned-dough-lavender-travel-pillow,Unknown,,Unknown,Uncategorized,Unknown,,0.0,inactive
zoned-dough-lavender-travel-pillow,Unknown,,Unknown,Uncategorized,Unknown,,0.0,inactive
zoned-dough-lavender-travel-pillow,Unknown,,Unknown,Uncategorized,Unknown,,0.0,inactive
shredded-gel-dough-travel-pillow,Shredded Gel Dough Travel Pillow,"<p data-mce-fragment=""1"">Introducing the Shredded Gel Dough Travel Pillow - the perfect travel companion for a comfortable and well-rested journey. Our unique gel-infused shredded foam provides optimal support and cool temperature regulation, making it the ideal choice for any traveler. Say goodbye to stiff necks and hello to blissful travels.</p>",Malouf,Home & Garden > Linens & Bedding > Bedding > Pillows,Pillow,"Gel Pillow, Pillow, Travel Pillow",0.0,active
shredded-gel-dough-travel-pillow,Unknown,,Unknown,Uncategorized,Unknown,,0.0,inactive
zoned-dough-lavender-travel-neck-pillow,Zoned Dough Lavender Travel Neck Pillow,"<p data-mce-fragment=""1"">Experience ultimate comfort and support on the go with the Zoned Dough Lavender Travel Neck Pillow. Designed specifically for travel, this pillow provides the perfect amount of cushioning and pressure relief to help you relax and sleep better while traveling. Its compact size makes it easy to pack and its calming lavender scent adds an extra touch of relaxation. Say goodbye to uncomfortable flights or long car rides and hello to restful travels.</p>",Malouf,Home & Garden > Linens & Bedding > Bedding > Pillows,Pillow,"Aromatherapy Pillow, Pillow, Travel Pillow, Zoned Pillow",0.0,active
zoned-dough-lavender-travel-neck-pillow,Unknown,,Unknown,Uncategorized,Unknown,,0.0,inactive
zoned-dough-lavender-travel-neck-pillow,Unknown,,Unknown,Uncategorized,Unknown,,0.0,inactive
zoned-dough-lavender-travel-neck-pillow,Unknown,,Unknown,Uncategorized,Unknown,,0.0,inactive
zoned-dough-lavender-travel-neck-pillow,Unknown,,Unknown,Uncategorized,Unknown,,0.0,inactive
gel-dough-z-gel-travel-pillow,Gel Dough Z Gel Travel Pillow,"<p data-mce-fragment=""1"">Experience ultimate comfort while traveling with the Gel Dough Z Gel Travel Pillow. Made from high-quality materials, this travel pillow provides superior support and pressure relief to help you get restful sleep during your travels. Compact and portable, it's the perfect companion for long flights or road trips.</p>",Malouf,Home & Garden > Linens & Bedding > Bedding > Pillows,Pillow,"Gel Pillow, Pillow, Travel Pillow",0.0,active
gel-dough-z-gel-travel-pillow,Unknown,,Unknown,Uncategorized,Unknown,,0.0,inactive
gel-dough-z-gel-travel-pillow,Unknown,,Unknown,Uncategorized,Unknown,,0.0,inactive
carboncool-travel-pillow,CarbonCool Travel Pillow,"<p data-mce-fragment=""1"">Optimize your travel experience with the CarbonCool Travel Pillow. This scientifically-designed pillow offers maximum comfort and support, ensuring a comfortable journey. Say goodbye to stiff necks and restless sleep on flights. Let the CarbonCool Travel Pillow provide you with the ultimate travel companion.</p>",Malouf,Home & Garden > Linens & Bedding > Bedding > Pillows,Pillow,"Gel Pillow, Pillow, Travel Pillow",0.0,active
carboncool-travel-pillow,Unknown,,Unknown,Uncategorized,Unknown,,0.0,inactive
wrap-around-body-pillow,Wrap-Around Body Pillow,"<p data-mce-fragment=""1"">This wrap-around body pillow provides the ultimate comfort and support for your entire body. Designed to wrap around your body, it offers customizable support and alignment for improved sleep quality. Say goodbye to tossing and turning with this expertly designed pillow.</p>",Malouf,Home & Garden > Linens & Bedding > Bedding > Pillows,Pillow,"Pillow, Specialty Pillow",0.0,active
wrap-around-body-pillow,Unknown,,Unknown,Uncategorized,Unknown,,0.0,inactive
wrap-around-body-pillow,Unknown,,Unknown,Uncategorized,Unknown,,0.0,inactive
wrap-around-body-pillow,Unknown,,Unknown,Uncategorized,Unknown,,0.0,inactive
wrap-around-body-pillow,Unknown,,Unknown,Uncategorized,Unknown,,0.0,inactive
wrap-around-body-pillow,Unknown,,Unknown,Uncategorized,Unknown,,0.0,inactive
wedge-pillow,Wedge Pillow,"<p data-mce-fragment=""1"">Increase comfort and alleviate neck and back pain with our Wedge Pillow. This specially designed pillow is made to provide support and elevate your head, neck, and upper body while you sleep. Wake up feeling rejuvenated and pain-free with our Wedge Pillow.</p>",Malouf,Home & Garden > Linens & Bedding > Bedding > Pillows,Pillow,"Pillow, Specialty Pillow",0.0,active
wedge-pillow,Unknown,,Unknown,Uncategorized,Unknown,,0.0,inactive
wedge-pillow,Unknown,,Unknown,Uncategorized,Unknown,,0.0,inactive
wedge-pillow,Unknown,,Unknown,Uncategorized,Unknown,,0.0,inactive
wedge-pillow,Unknown,,Unknown,Uncategorized,Unknown,,0.0,inactive
wedge-pillow,Unknown,,Unknown,Uncategorized,Unknown,,0.0,inactive
wedge-pillow,Unknown,,Unknown,Uncategorized,Unknown,,0.0,inactive
lounge-pillow,Lounge Pillow,"<p data-mce-fragment=""1"">The Lounge Pillow allows you to sit up in bed comfortably while reading, reducing strain on your back and neck. Increase your productivity and comfort with this versatile pillow.</p>",Malouf,Home & Garden > Linens & Bedding > Bedding > Pillows,Pillow,"Pillow, Specialty Pillow",0.0,active
lounge-pillow,Unknown,,Unknown,Uncategorized,Unknown,,0.0,inactive
lounge-pillow,Unknown,,Unknown,Uncategorized,Unknown,,0.0,inactive
lounge-pillow,Unknown,,Unknown,Uncategorized,Unknown,,0.0,inactive
lounge-pillow,Unknown,,Unknown,Uncategorized,Unknown,,0.0,inactive
lounge-pillow,Unknown,,Unknown,Uncategorized,Unknown,,0.0,inactive
lounge-pillow,Unknown,,Unknown,Uncategorized,Unknown,,0.0,inactive
l-shape-pillow,L- Shape Pillow,"<p data-mce-fragment=""1"">The L-Shape Pillow provides essential neck support for a comfortable and pain-free sleep. Its unique design helps alleviate pressure on the neck and shoulders, promoting proper spinal alignment. Wake up feeling refreshed and well-rested with this expertly crafted pillow.</p>",Malouf,Home & Garden > Linens & Bedding > Bedding > Pillows,Pillow,"Pillow, Specialty Pillow",0.0,active
l-shape-pillow,Unknown,,Unknown,Uncategorized,Unknown,,0.0,inactive
l-shape-pillow,Unknown,,Unknown,Uncategorized,Unknown,,0.0,inactive
l-shape-pillow,Unknown,,Unknown,Uncategorized,Unknown,,0.0,inactive
l-shape-pillow,Unknown,,Unknown,Uncategorized,Unknown,,0.0,inactive
l-shape-pillow,Unknown,,Unknown,Uncategorized,Unknown,,0.0,inactive
horseshoe-pregnancy-body-pillow,Horseshoe Pregnancy Body Pillow,"<p data-mce-fragment=""1"">Maximize your comfort with our Horseshoe Pregnancy Body Pillow. Designed to provide you with the necessary support for a comfortable night's sleep during pregnancy. Expertly crafted to improve your overall sleeping experience.</p>",Malouf,Home & Garden > Linens & Bedding > Bedding > Pillows,Pillow,"Pillow, Specialty Pillow",0.0,active
horseshoe-pregnancy-body-pillow,Unknown,,Unknown,Uncategorized,Unknown,,0.0,inactive
horseshoe-pregnancy-body-pillow,Unknown,,Unknown,Uncategorized,Unknown,,0.0,inactive
horseshoe-pregnancy-body-pillow,Unknown,,Unknown,Uncategorized,Unknown,,0.0,inactive
horseshoe-pregnancy-body-pillow,Unknown,,Unknown,Uncategorized,Unknown,,0.0,inactive
horseshoe-pregnancy-body-pillow,Unknown,,Unknown,Uncategorized,Unknown,,0.0,inactive
shoulder-zoned-gel-dough-pillow,Shoulder Zoned Gel Dough Pillow,"<p data-mce-fragment=""1"">This Shoulder Zoned Gel Dough Pillow offers optimum support for your shoulders, ensuring a comfortable and restful sleep. The unique zoned design provides targeted support, promoting proper alignment and relieving any tension or discomfort. With its gel-infused memory foam, this pillow offers a cool, breathable sleep experience.</p>",Malouf,Home & Garden > Linens & Bedding > Bedding > Pillows,Pillow,"Gel Pillow, Pillow, Shoulder Pillow, Zoned Pillow",0.0,active
shoulder-zoned-gel-dough-pillow,Unknown,,Unknown,Uncategorized,Unknown,,0.0,inactive
shoulder-zoned-gel-dough-pillow,Unknown,,Unknown,Uncategorized,Unknown,,0.0,inactive
shoulder-zoned-gel-dough-pillow,Unknown,,Unknown,Uncategorized,Unknown,,0.0,inactive
shoulder-zoned-gel-dough-pillow,Unknown,,Unknown,Uncategorized,Unknown,,0.0,inactive
shoulder-zoned-gel-dough-pillow,Unknown,,Unknown,Uncategorized,Unknown,,0.0,inactive
shoulder-zoned-gel-dough-pillow,Unknown,,Unknown,Uncategorized,Unknown,,0.0,inactive
shoulder-zoned-gel-dough-pillow,Unknown,,Unknown,Uncategorized,Unknown,,0.0,inactive
shoulder-zoned-activedough-pillow,Shoulder Zoned ActiveDough Pillow,"<p data-mce-fragment=""1"">Experience a more comfortable and restful sleep with our Shoulder Zoned ActiveDough Pillow. Designed for side sleepers, this pillow provides optimal support and pressure relief for your shoulders. The cooling technology also helps regulate temperature for a cooler and more comfortable sleep. Wake up refreshed and ready for the day ahead.</p>",Malouf,Home & Garden > Linens & Bedding > Bedding > Pillows,Pillow,"Gel Pillow, Pillow, Shoulder Pillow, Zoned Pillow",0.0,active
shoulder-zoned-activedough-pillow,Unknown,,Unknown,Uncategorized,Unknown,,0.0,inactive
shoulder-zoned-dough-peppermint-pillow-1,Shoulder Zoned Dough Peppermint Pillow,"<p data-mce-fragment=""1"">As an industry expert, I can confirm that the Shoulder Zoned Dough Peppermint Pillow is designed for side sleepers. The unique shoulder design provides support for proper alignment, leading to a better night's sleep. Say goodbye to neck pain and hello to a rejuvenated morning.</p>",Malouf,Home & Garden > Linens & Bedding > Bedding > Pillows,Pillow,"Aromatherapy Pillow, Pillow, Shoulder Pillow, Zoned Pillow",0.0,active
shoulder-zoned-dough-peppermint-pillow-1,Unknown,,Unknown,Uncategorized,Unknown,,0.0,inactive
shoulder-zoned-dough-peppermint-pillow-1,Unknown,,Unknown,Uncategorized,Unknown,,0.0,inactive
shoulder-zoned-dough-peppermint-pillow-1,Unknown,,Unknown,Uncategorized,Unknown,,0.0,inactive
shoulder-zoned-dough-peppermint-pillow-1,Unknown,,Unknown,Uncategorized,Unknown,,0.0,inactive
shoulder-zoned-dough-peppermint-pillow-1,Unknown,,Unknown,Uncategorized,Unknown,,0.0,inactive
shoulder-zoned-dough-peppermint-pillow-1,Unknown,,Unknown,Uncategorized,Unknown,,0.0,inactive
shoulder-zoned-dough-peppermint-pillow-1,Unknown,,Unknown,Uncategorized,Unknown,,0.0,inactive
shoulder-zoned-dough-peppermint-pillow-1,Unknown,,Unknown,Uncategorized,Unknown,,0.0,inactive
shoulder-zoned-dough-peppermint-pillow-1,Unknown,,Unknown,Uncategorized,Unknown,,0.0,inactive
shoulder-zoned-dough-lavender-pillow-1,Shoulder Zoned Dough Lavender Pillow,"<p data-mce-fragment=""1"">The Shoulder Zoned Dough Lavender Pillow is designed for side sleepers, with zoned support for optimal comfort and alignment. Its unique design ensures a restful night's sleep, with the added benefits of lavender aromatherapy. Wake up feeling refreshed and rejuvenated with this expertly crafted pillow.</p>",Malouf,Home & Garden > Linens & Bedding > Bedding > Pillows,Pillow,"Aromatherapy Pillow, Pillow, Shoulder Pillow, Zoned Pillow",0.0,active
shoulder-zoned-dough-lavender-pillow-1,Unknown,,Unknown,Uncategorized,Unknown,,0.0,inactive
shoulder-zoned-dough-lavender-pillow-1,Unknown,,Unknown,Uncategorized,Unknown,,0.0,inactive
shoulder-zoned-dough-lavender-pillow-1,Unknown,,Unknown,Uncategorized,Unknown,,0.0,inactive
shoulder-zoned-dough-lavender-pillow-1,Unknown,,Unknown,Uncategorized,Unknown,,0.0,inactive
shoulder-zoned-dough-lavender-pillow-1,Unknown,,Unknown,Uncategorized,Unknown,,0.0,inactive
shoulder-zoned-dough-lavender-pillow-1,Unknown,,Unknown,Uncategorized,Unknown,,0.0,inactive
shoulder-zoned-dough-lavender-pillow-1,Unknown,,Unknown,Uncategorized,Unknown,,0.0,inactive
shoulder-zoned-dough-lavender-pillow-1,Unknown,,Unknown,Uncategorized,Unknown,,0.0,inactive
shoulder-zoned-dough-bamboo-charcoal-pillow-1,Shoulder Zoned Dough Bamboo Charcoal Pillow,"<p data-mce-fragment=""1"">The Shoulder Zoned Dough Bamboo Charcoal Pillow is expertly designed with zoning technology for optimal support and pressure relief. You'll experience targeted comfort and wake up feeling refreshed. Made with bamboo charcoal, this pillow also provides natural odor and moisture control for a healthier sleep.</p>",Malouf,Home & Garden > Linens & Bedding > Bedding > Pillows,Pillow,"Aromatherapy Pillow, Pillow, Shoulder Pillow, Zoned Pillow",0.0,active
shoulder-zoned-dough-bamboo-charcoal-pillow-1,Unknown,,Unknown,Uncategorized,Unknown,,0.0,inactive
shoulder-zoned-dough-bamboo-charcoal-pillow-1,Unknown,,Unknown,Uncategorized,Unknown,,0.0,inactive
shoulder-zoned-dough-bamboo-charcoal-pillow-1,Unknown,,Unknown,Uncategorized,Unknown,,0.0,inactive
shoulder-zoned-dough-bamboo-charcoal-pillow-1,Unknown,,Unknown,Uncategorized,Unknown,,0.0,inactive
shoulder-zoned-dough-bamboo-charcoal-pillow-1,Unknown,,Unknown,Uncategorized,Unknown,,0.0,inactive
shoulder-gel-dough-z-gel-pillow,Shoulder Gel Dough Z Gel Pillow,"<p data-mce-fragment=""1"">The Shoulder Gel Dough Z Gel Pillow is perfect for side sleepers looking for a cool and comfortable night's sleep. With its gel-infused design, it cradles your head and neck to provide the ultimate support and comfort. Say goodbye to tossing and turning and hello to a restful night's sleep.</p>",Malouf,Home & Garden > Linens & Bedding > Bedding > Pillows,Pillow,"Gel Pillow, Pillow, Shoulder Pillow",0.0,active
shoulder-gel-dough-z-gel-pillow,Unknown,,Unknown,Uncategorized,Unknown,,0.0,inactive
shoulder-gel-dough-z-gel-pillow,Unknown,,Unknown,Uncategorized,Unknown,,0.0,inactive
shoulder-gel-dough-z-gel-pillow,Unknown,,Unknown,Uncategorized,Unknown,,0.0,inactive
shoulder-gel-dough-z-gel-pillow,Unknown,,Unknown,Uncategorized,Unknown,,0.0,inactive
shoulder-gel-dough-z-gel-pillow,Unknown,,Unknown,Uncategorized,Unknown,,0.0,inactive
shoulder-gel-dough-z-gel-pillow,Unknown,,Unknown,Uncategorized,Unknown,,0.0,inactive
shoulder-gel-dough-z-gel-pillow,Unknown,,Unknown,Uncategorized,Unknown,,0.0,inactive
shoulder-carboncool-omniphase-pillow,Shoulder CarbonCool Omniphase Pillow,"<p data-mce-fragment=""1"">Wake up feeling rested and rejuvenated with our Shoulder CarbonCool Omniphase Pillow, designed specifically for side sleepers. With its unique Omniphase technology, this pillow provides optimal temperature regulation for a comfortable and uninterrupted sleep. Say goodbye to neck and shoulder pain and hello to a well-rested you.</p>",Malouf,Home & Garden > Linens & Bedding > Bedding > Pillows,Pillow,"Gel Pillow, Pillow, Shoulder Pillow",0.0,active
shoulder-carboncool-omniphase-pillow,Unknown,,Unknown,Uncategorized,Unknown,,0.0,inactive
shoulder-carboncool-omniphase-pillow,Unknown,,Unknown,Uncategorized,Unknown,,0.0,inactive
shoulder-carboncool-omniphase-pillow,Unknown,,Unknown,Uncategorized,Unknown,,0.0,inactive
shoulder-carboncool-omniphase-pillow,Unknown,,Unknown,Uncategorized,Unknown,,0.0,inactive
shoulder-carboncool-omniphase-pillow,Unknown,,Unknown,Uncategorized,Unknown,,0.0,inactive
zoned-talalay-latex-pillow,Zoned Talalay Latex Pillow,"<p data-mce-fragment=""1"">Expertly engineered for optimal support, the Zoned Talalay Latex Pillow provides targeted zones to relieve pressure points and promote proper spinal alignment. Crafted with premium materials, this pillow offers a comfortable and restful sleep experience.</p>",Malouf,Home & Garden > Linens & Bedding > Bedding > Pillows,Pillow,"Latex Pillow, Pillow, Zoned Pillow",0.0,active
zoned-talalay-latex-pillow,Unknown,,Unknown,Uncategorized,Unknown,,0.0,inactive
zoned-talalay-latex-pillow,Unknown,,Unknown,Uncategorized,Unknown,,0.0,inactive
zoned-talalay-latex-pillow,Unknown,,Unknown,Uncategorized,Unknown,,0.0,inactive
zoned-talalay-latex-pillow,Unknown,,Unknown,Uncategorized,Unknown,,0.0,inactive
zoned-gel-dough-pillow,Zoned Gel Dough Pillow,"<p data-mce-fragment=""1"">Introducing the Zoned Gel Dough Pillow, designed with precise support zones for optimal comfort and spinal alignment. With its unique design, this pillow provides targeted support for different areas of the head and neck, resulting in a more restful sleep. Upgrade your sleep experience today.</p>",Malouf,Home & Garden > Linens & Bedding > Bedding > Pillows,Pillow,"Gel Pillow, Pillow, Zoned Pillow",0.0,active
zoned-gel-dough-pillow,Unknown,,Unknown,Uncategorized,Unknown,,0.0,inactive
zoned-gel-dough-pillow,Unknown,,Unknown,Uncategorized,Unknown,,0.0,inactive
zoned-gel-dough-pillow,Unknown,,Unknown,Uncategorized,Unknown,,0.0,inactive
zoned-gel-dough-pillow,Unknown,,Unknown,Uncategorized,Unknown,,0.0,inactive
zoned-gel-dough-pillow,Unknown,,Unknown,Uncategorized,Unknown,,0.0,inactive
zoned-activedough-gel-pillow,Zoned ActiveDough Gel Pillow,"<p data-mce-fragment=""1"">The Zoned ActiveDough Gel Pillow offers optimal support and cooling comfort thanks to its unique zoned support and gel-infused design. Experience a restful and rejuvenating night's sleep with this scientifically crafted pillow.</p>",Malouf,Home & Garden > Linens & Bedding > Bedding > Pillows,Pillow,"Gel Pillow, Pillow, Zoned Pillow",0.0,active
zoned-activedough-gel-pillow,Unknown,,Unknown,Uncategorized,Unknown,,0.0,inactive
zoned-activedough-gel-pillow,Unknown,,Unknown,Uncategorized,Unknown,,0.0,inactive
zoned-activedough-gel-pillow,Unknown,,Unknown,Uncategorized,Unknown,,0.0,inactive
zoned-activedough-gel-pillow,Unknown,,Unknown,Uncategorized,Unknown,,0.0,inactive
zoned-activedough-gel-pillow,Unknown,,Unknown,Uncategorized,Unknown,,0.0,inactive
zoned-activedough-gel-pillow,Unknown,,Unknown,Uncategorized,Unknown,,0.0,inactive
shredded-gel-dough-pillow,Shredded Gel Dough Pillow,"<p data-mce-fragment=""1"">This Shredded Gel Dough Pillow offers optimal comfort and support with its innovative blend of shredded gel infused memory foam. Experience a cool and comfortable night's sleep while the foam conforms to your head and neck, providing personalized support for a restful sleep. Say goodbye to tossing and turning with this superior pillow.</p>",Malouf,Home & Garden > Linens & Bedding > Bedding > Pillows,Pillow,"Gel Pillow, Pillow",0.0,active
shredded-gel-dough-pillow,Unknown,,Unknown,Uncategorized,Unknown,,0.0,inactive
shredded-gel-dough-pillow,Unknown,,Unknown,Uncategorized,Unknown,,0.0,inactive
shredded-gel-dough-pillow,Unknown,,Unknown,Uncategorized,Unknown,,0.0,inactive
shredded-gel-dough-pillow,Unknown,,Unknown,Uncategorized,Unknown,,0.0,inactive
shredded-gel-dough-pillow,Unknown,,Unknown,Uncategorized,Unknown,,0.0,inactive
carboncool-omniphase-pillow,CarbonCool Omniphase Pillow,"<p data-mce-fragment=""1"">Introducing the CarbonCool Omniphase Pillow, engineered for ultimate cooling and comfort. Its carbon-infused and gel-infused design provides unparalleled temperature regulation, while its contoured shape provides exceptional support and cradling for a restful night's sleep. Experience the latest in cooling technology for a more rejuvenating sleep.</p>",Malouf,Home & Garden > Linens & Bedding > Bedding > Pillows,Pillow,"Gel Pillow, Pillow",0.0,active
carboncool-omniphase-pillow,Unknown,,Unknown,Uncategorized,Unknown,,0.0,inactive
carboncool-omniphase-pillow,Unknown,,Unknown,Uncategorized,Unknown,,0.0,inactive
carboncool-omniphase-pillow,Unknown,,Unknown,Uncategorized,Unknown,,0.0,inactive
carboncool-omniphase-pillow,Unknown,,Unknown,Uncategorized,Unknown,,0.0,inactive
carboncool-omniphase-pillow,Unknown,,Unknown,Uncategorized,Unknown,,0.0,inactive
gel-dough-z-gel-pillow,the Gel Dough Z Gel Pillow,"<p data-mce-fragment=""1"">The Gel Dough Z Gel Pillow combines the cooling properties of gel infused memory foam with a highly responsive design, providing a comfortable and supportive sleep experience. With this pillow, you can enjoy a cooler, more restful night's sleep and wake up feeling refreshed and rejuvenated.</p>",Malouf,Home & Garden > Linens & Bedding > Bedding > Pillows,Pillow,"Gel Pillow, Pillow",0.0,active
gel-dough-z-gel-pillow,Unknown,,Unknown,Uncategorized,Unknown,,0.0,inactive
gel-dough-z-gel-pillow,Unknown,,Unknown,Uncategorized,Unknown,,0.0,inactive
gel-dough-z-gel-pillow,Unknown,,Unknown,Uncategorized,Unknown,,0.0,inactive
gel-dough-z-gel-pillow,Unknown,,Unknown,Uncategorized,Unknown,,0.0,inactive
gel-dough-z-gel-pillow,Unknown,,Unknown,Uncategorized,Unknown,,0.0,inactive
gel-dough-z-gel-pillow,Unknown,,Unknown,Uncategorized,Unknown,,0.0,inactive
flexfill-pillow,FlexFill Pillow,"<p data-mce-fragment=""1"">Expertly designed with shredded memory foam and a hyperchill cover, the FlexFill Pillow combines comfort and coolness in one innovative product. Say goodbye to hot and stuffy nights, as this pillow stays cool to the touch for a refreshing sleep experience.</p>",Malouf,Home & Garden > Linens & Bedding > Bedding > Pillows,Pillow,"Filled Pillow, Gel Pillow, Pillow",0.0,active
flexfill-pillow,Unknown,,Unknown,Uncategorized,Unknown,,0.0,inactive
flexfill-pillow,Unknown,,Unknown,Uncategorized,Unknown,,0.0,inactive
triplelayer-down-pillow,TripleLayer Down Pillow,"<p data-mce-fragment=""1"">Expertly crafted with three layers of down and feathers, our TripleLayer Down Pillow offers unparalleled comfort and support for a restful sleep. Each layer is carefully filled to provide the perfect balance of softness and loft, making it the ideal pillow for a truly rejuvenating night's rest.</p>",Malouf,Home & Garden > Linens & Bedding > Bedding > Pillows,Pillow,"Filled Pillow, Pillow",0.0,active
triplelayer-down-pillow,Unknown,,Unknown,Uncategorized,Unknown,,0.0,inactive
triplelayer-down-pillow,Unknown,,Unknown,Uncategorized,Unknown,,0.0,inactive
gelled-microfiber-pillow,Gelled Microfiber Pillow,"<p data-mce-fragment=""1"">Improve your sleep with our Gelled Microfiber Pillow. The gel infusion keeps you cool and comfortable all night, while the soft fill provides gentle support. Experience a restful sleep every night with this expertly designed pillow.</p>",Malouf,Home & Garden > Linens & Bedding > Bedding > Pillows,Pillow,"Filled Pillow, Pillow",0.0,active
gelled-microfiber-pillow,Unknown,,Unknown,Uncategorized,Unknown,,0.0,inactive
gelled-microfiber-pillow,Unknown,,Unknown,Uncategorized,Unknown,,0.0,inactive
gelled-microfiber-pillow,Unknown,,Unknown,Uncategorized,Unknown,,0.0,inactive
gelled-microfiber-pillow,Unknown,,Unknown,Uncategorized,Unknown,,0.0,inactive
gel-convolution-pillow,Gel Convolution Pillow,"<p data-mce-fragment=""1"">The Gel Convolution Pillow offers a unique combination of gel-infused technology and a soft, cradling design. Enjoy a cool and comfortable night's sleep while feeling fully supported. Wake up feeling refreshed and rejuvenated with this innovative pillow. Try it now for a truly restful experience.</p>",Malouf,Home & Garden > Linens & Bedding > Bedding > Pillows,Pillow,"Filled Pillow, Pillow",0.0,active
gel-convolution-pillow,Unknown,,Unknown,Uncategorized,Unknown,,0.0,inactive
gel-convolution-pillow,Unknown,,Unknown,Uncategorized,Unknown,,0.0,inactive
gel-convolution-pillow,Unknown,,Unknown,Uncategorized,Unknown,,0.0,inactive
gel-convolution-pillow,Unknown,,Unknown,Uncategorized,Unknown,,0.0,inactive
gel-convolution-pillow,Unknown,,Unknown,Uncategorized,Unknown,,0.0,inactive
convolution-pillow,Convolution Pillow,"<p data-mce-fragment=""1"">This Convolution Pillow is made of convoluted foam, providing a soft and cradling support for your head and neck. The specialized design promotes better air circulation and pressure relief, ensuring a comfortable and refreshing sleep experience. Experience the benefits of a well-supported and breathable pillow with the Convolution Pillow.</p>",Malouf,Home & Garden > Linens & Bedding > Bedding > Pillows,Pillow,"Filled Pillow, Pillow",0.0,active
convolution-pillow,Unknown,,Unknown,Uncategorized,Unknown,,0.0,inactive
convolution-pillow,Unknown,,Unknown,Uncategorized,Unknown,,0.0,inactive
convolution-pillow,Unknown,,Unknown,Uncategorized,Unknown,,0.0,inactive
convolution-pillow,Unknown,,Unknown,Uncategorized,Unknown,,0.0,inactive
convolution-pillow,Unknown,,Unknown,Uncategorized,Unknown,,0.0,inactive
zoned-dough-peppermint-pillow,Zoned Dough Peppermint Pillow,"<p data-mce-fragment=""1"">This Zoned Dough Peppermint Pillow is designed to provide optimal support and comfort for a restful night's sleep. With a unique zoned design, this pillow offers targeted support to different areas of the head and neck. The addition of peppermint oil adds a refreshing and soothing element to your sleep experience.</p>",Malouf,Home & Garden > Linens & Bedding > Bedding > Pillows,Pillow,"Aromatherapy Pillow, Pillow, Zoned Pillow",0.0,active
zoned-dough-peppermint-pillow,Unknown,,Unknown,Uncategorized,Unknown,,0.0,inactive
zoned-dough-peppermint-pillow,Unknown,,Unknown,Uncategorized,Unknown,,0.0,inactive
zoned-dough-peppermint-pillow,Unknown,,Unknown,Uncategorized,Unknown,,0.0,inactive
zoned-dough-peppermint-pillow,Unknown,,Unknown,Uncategorized,Unknown,,0.0,inactive
zoned-dough-peppermint-pillow,Unknown,,Unknown,Uncategorized,Unknown,,0.0,inactive
zoned-dough-peppermint-pillow,Unknown,,Unknown,Uncategorized,Unknown,,0.0,inactive
zoned-dough-peppermint-pillow,Unknown,,Unknown,Uncategorized,Unknown,,0.0,inactive
zoned-dough-lavender-pillow,Zoned Dough Lavender Pillow,"<p data-mce-fragment=""1"">Experience unmatched support and comfort with the Zoned Dough Lavender Pillow. Its unique design provides targeted support where you need it most, while the infused lavender scent promotes relaxation and restful sleep. Wake up feeling rejuvenated and well-rested every morning with this revolutionary pillow.</p>",Malouf,Home & Garden > Linens & Bedding > Bedding > Pillows,Pillow,"Aromatherapy Pillow, Pillow, Zoned Pillow",0.0,active
zoned-dough-lavender-pillow,Unknown,,Unknown,Uncategorized,Unknown,,0.0,inactive
zoned-dough-lavender-pillow,Unknown,,Unknown,Uncategorized,Unknown,,0.0,inactive
zoned-dough-lavender-pillow,Unknown,,Unknown,Uncategorized,Unknown,,0.0,inactive
zoned-dough-lavender-pillow,Unknown,,Unknown,Uncategorized,Unknown,,0.0,inactive
zoned-dough-lavender-pillow,Unknown,,Unknown,Uncategorized,Unknown,,0.0,inactive
zoned-dough-lavender-pillow,Unknown,,Unknown,Uncategorized,Unknown,,0.0,inactive
zoned-dough-bamboo-charcoal-pillow,Zoned Dough Bamboo Charcoal Pillow,"<p data-mce-fragment=""1"">Discover the ultimate in comfort with our Zoned Dough Bamboo Charcoal Pillow. The bamboo cover offers a luxurious feel while the cooling technology keeps you comfortable and supported all night. Expertly designed for optimal airflow, this pillow provides the perfect blend of comfort and support for a restful sleep.</p>",Malouf,Home & Garden > Linens & Bedding > Bedding > Pillows,Pillow,"Aromatherapy Pillow, Charcoal Pillow, Pillow, Zoned Pillow",0.0,active
zoned-dough-bamboo-charcoal-pillow,Unknown,,Unknown,Uncategorized,Unknown,,0.0,inactive
zoned-dough-bamboo-charcoal-pillow,Unknown,,Unknown,Uncategorized,Unknown,,0.0,inactive
zoned-dough-bamboo-charcoal-pillow,Unknown,,Unknown,Uncategorized,Unknown,,0.0,inactive
zoned-dough-bamboo-charcoal-pillow,Unknown,,Unknown,Uncategorized,Unknown,,0.0,inactive
zoned-dough-bamboo-charcoal-pillow,Unknown,,Unknown,Uncategorized,Unknown,,0.0,inactive
zoned-dough-bamboo-charcoal-pillow,Unknown,,Unknown,Uncategorized,Unknown,,0.0,inactive
zoned-dough-bamboo-charcoal-pillow,Unknown,,Unknown,Uncategorized,Unknown,,0.0,inactive
zoned-activedough-peppermint-pillow,Zoned ActiveDough Peppermint Pillow,"<p data-mce-fragment=""1"">Expertly designed for the best night's sleep, the Zoned ActiveDough Peppermint Pillow combines zoned support with a comforting cradle. With the added benefit of a refreshing peppermint spritzer, this pillow provides optimal support and a soothing scent for a restful slumber.</p>",Malouf,Home & Garden > Linens & Bedding > Bedding > Pillows,Pillow,"ActiveDough Pillow, Aromatherapy Pillow, Pillow, Zoned Pillow",0.0,active
zoned-activedough-peppermint-pillow,Unknown,,Unknown,Uncategorized,Unknown,,0.0,inactive
zoned-activedough-peppermint-pillow,Unknown,,Unknown,Uncategorized,Unknown,,0.0,inactive
zoned-activedough-peppermint-pillow,Unknown,,Unknown,Uncategorized,Unknown,,0.0,inactive
zoned-activedough-peppermint-pillow,Unknown,,Unknown,Uncategorized,Unknown,,0.0,inactive
zoned-activedough-peppermint-pillow,Unknown,,Unknown,Uncategorized,Unknown,,0.0,inactive
zoned-activedough-lavender-pillow,Zoned ActiveDough Lavender Pillow,"<p data-mce-fragment=""1"">Enhance your sleep with our Zoned ActiveDough Lavender Pillow. Infused with natural lavender, it creates a calming and relaxing environment for a restful night's sleep. Complete the experience with our included lavender spritzer for an added touch of serenity. Sleep better, naturally.</p>",Malouf,Uncategorized,Pillow,"ActiveDough Pillow, Aromatherapy Pillow, Pillow, Zoned Pillow",0.0,active
zoned-activedough-lavender-pillow,Unknown,,Unknown,Uncategorized,Unknown,,0.0,inactive
zoned-activedough-lavender-pillow,Unknown,,Unknown,Uncategorized,Unknown,,0.0,inactive
zoned-activedough-lavender-pillow,Unknown,,Unknown,Uncategorized,Unknown,,0.0,inactive
zoned-activedough-lavender-pillow,Unknown,,Unknown,Uncategorized,Unknown,,0.0,inactive
zoned-activedough-lavender-pillow,Unknown,,Unknown,Uncategorized,Unknown,,0.0,inactive
zoned-activedough-bamboo-charcoal-pillow,Zoned ActiveDough Bamboo Charcoal Pillow,"<p data-mce-fragment=""1"">Expertly designed with zoned technology, the Zoned ActiveDough Bamboo Charcoal Pillow provides targeted neck support for a more comfortable and restful sleep. Its unique design promotes proper spinal alignment and relieves tension, making it the perfect choice for a healthier night's rest.</p>",Malouf,Home & Garden > Linens & Bedding > Bedding > Pillows,Pillow,"ActiveDough Pillow, Aromatherapy Pillow, Charcoal Pillow, Pillow, Zoned Pillow",0.0,active
zoned-activedough-bamboo-charcoal-pillow,Unknown,,Unknown,Uncategorized,Unknown,,0.0,inactive
zoned-activedough-bamboo-charcoal-pillow,Unknown,,Unknown,Uncategorized,Unknown,,0.0,inactive
zoned-activedough-bamboo-charcoal-pillow,Unknown,,Unknown,Uncategorized,Unknown,,0.0,inactive
zoned-activedough-bamboo-charcoal-pillow,Unknown,,Unknown,Uncategorized,Unknown,,0.0,inactive
zoned-activedough-bamboo-charcoal-pillow,Unknown,,Unknown,Uncategorized,Unknown,,0.0,inactive
shoulder-zoned-dough-peppermint-pillow,Shoulder Zoned Dough Peppermint Pillow,"<p data-mce-fragment=""1"">Designed specifically for side sleepers, the Shoulder Zoned Dough Peppermint Pillow provides optimal support and comfort while you rest. With its unique zoned design, this pillow targets pressure points and helps alleviate neck and shoulder pain. The infused peppermint scent also promotes relaxation for a better night's sleep.</p>",Malouf,Home & Garden > Linens & Bedding > Bedding > Pillows,Pillow,"Aromatherapy Pillow, Pillow, Shoulder Pillow, Zoned Pillow",0.0,active
shoulder-zoned-dough-peppermint-pillow,Unknown,,Unknown,Uncategorized,Unknown,,0.0,inactive
shoulder-zoned-dough-peppermint-pillow,Unknown,,Unknown,Uncategorized,Unknown,,0.0,inactive
shoulder-zoned-dough-peppermint-pillow,Unknown,,Unknown,Uncategorized,Unknown,,0.0,inactive
shoulder-zoned-dough-peppermint-pillow,Unknown,,Unknown,Uncategorized,Unknown,,0.0,inactive
shoulder-zoned-dough-peppermint-pillow,Unknown,,Unknown,Uncategorized,Unknown,,0.0,inactive
shoulder-zoned-dough-peppermint-pillow,Unknown,,Unknown,Uncategorized,Unknown,,0.0,inactive
shoulder-zoned-dough-peppermint-pillow,Unknown,,Unknown,Uncategorized,Unknown,,0.0,inactive
shoulder-zoned-dough-peppermint-pillow,Unknown,,Unknown,Uncategorized,Unknown,,0.0,inactive
shoulder-zoned-dough-peppermint-pillow,Unknown,,Unknown,Uncategorized,Unknown,,0.0,inactive
shoulder-zoned-dough-lavender-pillow,Shoulder Zoned Dough Lavender Pillow,"<p data-mce-fragment=""1"">As a product expert, I recommend the Shoulder Zoned Dough Lavender Pillow for side sleepers. The zoned design provides optimal support and alignment for the shoulders, leading to a more comfortable and restful sleep. The added infusion of lavender promotes relaxation and deeper sleep.</p>",Malouf,Home & Garden > Linens & Bedding > Bedding > Pillows,Pillow,"Aromatherapy Pillow, Pillow, Shoulder Pillow, Zoned Pillow",0.0,active
shoulder-zoned-dough-lavender-pillow,Unknown,,Unknown,Uncategorized,Unknown,,0.0,inactive
shoulder-zoned-dough-lavender-pillow,Unknown,,Unknown,Uncategorized,Unknown,,0.0,inactive
shoulder-zoned-dough-lavender-pillow,Unknown,,Unknown,Uncategorized,Unknown,,0.0,inactive
shoulder-zoned-dough-lavender-pillow,Unknown,,Unknown,Uncategorized,Unknown,,0.0,inactive
shoulder-zoned-dough-lavender-pillow,Unknown,,Unknown,Uncategorized,Unknown,,0.0,inactive
shoulder-zoned-dough-lavender-pillow,Unknown,,Unknown,Uncategorized,Unknown,,0.0,inactive
shoulder-zoned-dough-lavender-pillow,Unknown,,Unknown,Uncategorized,Unknown,,0.0,inactive
shoulder-zoned-dough-lavender-pillow,Unknown,,Unknown,Uncategorized,Unknown,,0.0,inactive
shoulder-zoned-dough-bamboo-charcoal-pillow,Shoulder Zoned Dough Bamboo Charcoal Pillow,"<p data-mce-fragment=""1"">Experience unparalleled comfort while you sleep with our Shoulder Zoned Dough Bamboo Charcoal Pillow. Our side sleeper pillow is designed with unique zones that cater to your individual needs, providing optimal support and alignment for a restful night's sleep. Wake up feeling refreshed and rejuvenated every morning.</p>",Malouf,Home & Garden > Linens & Bedding > Bedding > Pillows,Pillow,"Aromatherapy Pillow, Charcoal Pillow, Pillow, Shoulder Pillow, Zoned Pillow",0.0,active
shoulder-zoned-dough-bamboo-charcoal-pillow,Unknown,,Unknown,Uncategorized,Unknown,,0.0,inactive
shoulder-zoned-dough-bamboo-charcoal-pillow,Unknown,,Unknown,Uncategorized,Unknown,,0.0,inactive
shoulder-zoned-dough-bamboo-charcoal-pillow,Unknown,,Unknown,Uncategorized,Unknown,,0.0,inactive
shoulder-zoned-dough-bamboo-charcoal-pillow,Unknown,,Unknown,Uncategorized,Unknown,,0.0,inactive
shoulder-zoned-dough-bamboo-charcoal-pillow,Unknown,,Unknown,Uncategorized,Unknown,,0.0,inactive
universal-heavy-duty-bed-frame,Universal Heavy Duty Bed Frame,"<p data-mce-fragment=""1"">Experience maximum durability with our Universal Heavy Duty Bed Frame. Crafted from strong steel, this frame is built to last. Plus, it conveniently adjusts from a twin to king size, making it the perfect fit for any bedroom. Trust in superior quality and versatility for your sleeping needs.</p>",Malouf,Furniture > Beds & Accessories > Beds & Bed Frames,Frame,Frame,0.0,active
universal-heavy-duty-bed-frame,Unknown,,Unknown,Uncategorized,Unknown,,0.0,inactive
universal-heavy-duty-bed-frame,Unknown,,Unknown,Uncategorized,Unknown,,0.0,inactive
universal-heavy-duty-bed-frame,Unknown,,Unknown,Uncategorized,Unknown,,0.0,inactive
universal-heavy-duty-bed-frame,Unknown,,Unknown,Uncategorized,Unknown,,0.0,inactive
universal-heavy-duty-bed-frame,Unknown,,Unknown,Uncategorized,Unknown,,0.0,inactive
blackwell-headboard,Blackwell Headboard,"<p data-mce-fragment=""1"">Expertly crafted in a sleek and modern design, the Blackwell Headboard adds a touch of sophistication to any bedroom. Its sleek and contemporary style is perfect for those seeking a clean and minimalistic look. With its versatility and timeless appeal, this headboard is the perfect addition to any modern home.</p>",Malouf,Furniture,Headboard,"Furniture, Headboard",0.0,active
blackwell-headboard,Unknown,,Unknown,Uncategorized,Unknown,,0.0,inactive
blackwell-headboard,Unknown,,Unknown,Uncategorized,Unknown,,0.0,inactive
blackwell-headboard,Unknown,,Unknown,Uncategorized,Unknown,,0.0,inactive
blackwell-headboard,Unknown,,Unknown,Uncategorized,Unknown,,0.0,inactive
blackwell-headboard,Unknown,,Unknown,Uncategorized,Unknown,,0.0,inactive
blackwell-headboard,Unknown,,Unknown,Uncategorized,Unknown,,0.0,inactive
blackwell-headboard,Unknown,,Unknown,Uncategorized,Unknown,,0.0,inactive
blackwell-headboard,Unknown,,Unknown,Uncategorized,Unknown,,0.0,inactive
scoresby-headboard,Scoresby Headboard,"<p data-mce-fragment=""1"">Enhance the look of your bedroom with the Scoresby Headboard. This modern headboard adds a sleek and stylish touch to any bed, giving your space a contemporary feel. With its clean lines and minimalist design, the Scoresby Headboard is a perfect addition to your bedroom decor.</p>",Malouf,Uncategorized,Headboard,"Furniture, Headboard",0.0,active
scoresby-headboard,Unknown,,Unknown,Uncategorized,Unknown,,0.0,inactive
scoresby-headboard,Unknown,,Unknown,Uncategorized,Unknown,,0.0,inactive
scoresby-headboard,Unknown,,Unknown,Uncategorized,Unknown,,0.0,inactive
scoresby-headboard,Unknown,,Unknown,Uncategorized,Unknown,,0.0,inactive
scoresby-headboard,Unknown,,Unknown,Uncategorized,Unknown,,0.0,inactive
scoresby-headboard,Unknown,,Unknown,Uncategorized,Unknown,,0.0,inactive
scoresby-headboard,Unknown,,Unknown,Uncategorized,Unknown,,0.0,inactive
scoresby-headboard,Unknown,,Unknown,Uncategorized,Unknown,,0.0,inactive
carlisle-headboard,Carlisle Headboard,"<p data-mce-fragment=""1"">Experience the next level of modern, minimalist style with the Carlisle Headboard. Crafted with sleek lines and a sleek design, this headboard brings a contemporary touch to any bedroom. Enjoy the benefits of a clean, sophisticated aesthetic that promotes a sense of calm and order in your space.</p>",Malouf,Furniture,Headboard,"Furniture, Headboard",0.0,active
carlisle-headboard,Unknown,,Unknown,Uncategorized,Unknown,,0.0,inactive
carlisle-headboard,Unknown,,Unknown,Uncategorized,Unknown,,0.0,inactive
carlisle-headboard,Unknown,,Unknown,Uncategorized,Unknown,,0.0,inactive
carlisle-headboard,Unknown,,Unknown,Uncategorized,Unknown,,0.0,inactive
carlisle-headboard,Unknown,,Unknown,Uncategorized,Unknown,,0.0,inactive
carlisle-headboard,Unknown,,Unknown,Uncategorized,Unknown,,0.0,inactive
carlisle-headboard,Unknown,,Unknown,Uncategorized,Unknown,,0.0,inactive
carlisle-headboard,Unknown,,Unknown,Uncategorized,Unknown,,0.0,inactive
hennessy-headboard,Hennessy Headboard,"<p data-mce-fragment=""1"">Add a touch of modern minimalism to your bedroom with the Hennessy Headboard. Crafted with sleek lines and a minimalist design, this headboard provides a stylish focal point for your bed. Transform your bedroom into a contemporary oasis with the Hennessy Headboard.</p>",Malouf,Furniture,Headboard,"Furniture, Headboard",0.0,active
hennessy-headboard,Unknown,,Unknown,Uncategorized,Unknown,,0.0,inactive
hennessy-headboard,Unknown,,Unknown,Uncategorized,Unknown,,0.0,inactive
hennessy-headboard,Unknown,,Unknown,Uncategorized,Unknown,,0.0,inactive
hennessy-headboard,Unknown,,Unknown,Uncategorized,Unknown,,0.0,inactive
hennessy-headboard,Unknown,,Unknown,Uncategorized,Unknown,,0.0,inactive
hennessy-headboard,Unknown,,Unknown,Uncategorized,Unknown,,0.0,inactive
hennessy-headboard,Unknown,,Unknown,Uncategorized,Unknown,,0.0,inactive
hennessy-headboard,Unknown,,Unknown,Uncategorized,Unknown,,0.0,inactive
storage-base,Storage Base,"<p data-mce-fragment=""1"">Experience the height of luxury and sophistication with our Storage Base. Say goodbye to clunky boxsprings and hello to sleek, modern design with the added benefit of spacious storage drawers. Durable and minimalist, this base is the perfect addition to elevate your bedroom to the next level.</p>",Malouf,Furniture > Beds & Accessories > Beds & Bed Frames,Base,"Base, Furniture, Storage Base",0.0,active
storage-base,Unknown,,Unknown,Uncategorized,Unknown,,0.0,inactive
storage-base,Unknown,,Unknown,Uncategorized,Unknown,,0.0,inactive
storage-base,Unknown,,Unknown,Uncategorized,Unknown,,0.0,inactive
storage-base,Unknown,,Unknown,Uncategorized,Unknown,,0.0,inactive
storage-base,Unknown,,Unknown,Uncategorized,Unknown,,0.0,inactive
storage-base,Unknown,,Unknown,Uncategorized,Unknown,,0.0,inactive
storage-base,Unknown,,Unknown,Uncategorized,Unknown,,0.0,inactive
storage-base,Unknown,,Unknown,Uncategorized,Unknown,,0.0,inactive
storage-base,Unknown,,Unknown,Uncategorized,Unknown,,0.0,inactive
platform-base,Platform Base,"<p data-mce-fragment=""1"">Introducing the Platform Base - a modern and sleek alternative to traditional boxsprings. With its minimalist design and easy assembly, this base elevates your bedroom to new levels of sophistication and elegance. Say goodbye to clunky boxsprings and hello to a more refined sleeping experience.</p>",Malouf,Furniture > Beds & Accessories > Beds & Bed Frames,Base,"Base, Furniture, Platform Base",0.0,active
platform-base,Unknown,,Unknown,Uncategorized,Unknown,,0.0,inactive
platform-base,Unknown,,Unknown,Uncategorized,Unknown,,0.0,inactive
platform-base,Unknown,,Unknown,Uncategorized,Unknown,,0.0,inactive
platform-base,Unknown,,Unknown,Uncategorized,Unknown,,0.0,inactive
platform-base,Unknown,,Unknown,Uncategorized,Unknown,,0.0,inactive
platform-base,Unknown,,Unknown,Uncategorized,Unknown,,0.0,inactive
platform-base,Unknown,,Unknown,Uncategorized,Unknown,,0.0,inactive
platform-base,Unknown,,Unknown,Uncategorized,Unknown,,0.0,inactive
highrise-bed-base,Highrise Bed Base,"<p data-mce-fragment=""1"">Introducing our Highrise Bed Base - the perfect solution for a clutter-free bedroom. This luxurious bed base not only provides ample under-bed storage but also eliminates the need for a bulky boxspring. Transport and shipping are a breeze, making this a convenient and sophisticated choice for your bedroom.</p>",Malouf,Furniture > Beds & Accessories > Beds & Bed Frames,Base,Base,0.0,active
highrise-bed-base,Unknown,,Unknown,Uncategorized,Unknown,,0.0,inactive
highrise-bed-base,Unknown,,Unknown,Uncategorized,Unknown,,0.0,inactive
highrise-bed-base,Unknown,,Unknown,Uncategorized,Unknown,,0.0,inactive
highrise-bed-base,Unknown,,Unknown,Uncategorized,Unknown,,0.0,inactive
essentials-motion-adjustable-base,Premium Motion Adjustable Base,"<h3>Elevate Your Sleep with the Premium Motion Adjustable Base</h3>
<p><strong>Transform your sleep experience with MySnoozePod's Premium Motion Adjustable Base</strong>, designed to take relaxation and comfort to the next level. With advanced features and customizable options, this adjustable bed base ensures you find the perfect position for restful sleep and ultimate relaxation.</p>
<!---->",Malouf,Furniture > Beds & Accessories > Beds & Bed Frames,Base,"Base, Motion Base",0.0,active
essentials-motion-adjustable-base,Unknown,,Unknown,Uncategorized,Unknown,,0.0,inactive
essentials-motion-adjustable-base,Unknown,,Unknown,Uncategorized,Unknown,,0.0,inactive
essentials-motion-adjustable-base,Unknown,,Unknown,Uncategorized,Unknown,,0.0,inactive
essentials-motion-adjustable-base,Unknown,,Unknown,Uncategorized,Unknown,,0.0,inactive
essentials-motion-adjustable-base,Unknown,,Unknown,Uncategorized,Unknown,,0.0,inactive
essentials-motion-adjustable-base,Unknown,,Unknown,Uncategorized,Unknown,,0.0,inactive
essentials-motion-adjustable-base,Unknown,,Unknown,Uncategorized,Unknown,,0.0,inactive
essentials-motion-adjustable-base,Unknown,,Unknown,Uncategorized,Unknown,,0.0,inactive
essentials-motion-adjustable-base,Unknown,,Unknown,Uncategorized,Unknown,,0.0,inactive
essentials-motion-adjustable-base,Unknown,,Unknown,Uncategorized,Unknown,,0.0,inactive
essentials-motion-adjustable-base,Unknown,,Unknown,Uncategorized,Unknown,,0.0,inactive
12-dual-comfort-hybrid,"12"" Dual Comfort Hybrid Mattress","<h3>Discover Unmatched Comfort with the 12"" Dual Comfort Hybrid Mattress</h3>
<p><strong>Experience individualized comfort with MySnoozePod's 12"" Dual Comfort Hybrid Mattress</strong>, featuring a unique interchangeable, modular design that lets you choose the firmness for each side of the bed. Our enhanced Ver-Tex™ cooling cover and superior airflow features ensure a breathable and cool sleeping experience throughout every layer.</p>
<!---->",Bed Gear,Furniture > Beds & Accessories > Mattresses,Mattress,"Dual Comfort Mattress, Hybrid Mattress",0.0,active
12-dual-comfort-hybrid,Unknown,,Unknown,Uncategorized,Unknown,,0.0,inactive
12-dual-comfort-hybrid,Unknown,,Unknown,Uncategorized,Unknown,,0.0,inactive
12-dual-comfort-hybrid,Unknown,,Unknown,Uncategorized,Unknown,,0.0,inactive
12-dual-comfort-hybrid,Unknown,,Unknown,Uncategorized,Unknown,,0.0,inactive
12-dual-comfort-hybrid,Unknown,,Unknown,Uncategorized,Unknown,,0.0,inactive
14-hybrid,"14"" Hybrid Mattress","<h3>Experience Unmatched Cool Comfort with the 14"" Hybrid Mattress</h3>
<p><strong>Introducing MySnoozePod's 14"" Hybrid Mattress</strong>, the ultimate solution for back and side sleepers who crave a temperature-controlled sleep environment with premium comfort layers. Engineered for superior cooling and support, this mattress promises a restful and rejuvenating sleep experience every night.</p>
<!---->",Malouf,Furniture > Beds & Accessories > Mattresses,Mattress,"Hybrid Mattress, Mattress",0.0,active
14-hybrid,Unknown,,Unknown,Uncategorized,Unknown,,0.0,inactive
14-hybrid,Unknown,,Unknown,Uncategorized,Unknown,,0.0,inactive
14-hybrid,Unknown,,Unknown,Uncategorized,Unknown,,0.0,inactive
14-hybrid,Unknown,,Unknown,Uncategorized,Unknown,,0.0,inactive
